{
    "mae": 0.1763361825460909,
    "mse": 0.09087455994276167,
    "r2": 0.9284351921056095
}